"record_id","month","day","year","plot_id","species_id","sex","hindfoot_length","weight","genus","species","taxa","plot_type"
2063,9,23,1979,24,"DM","M",36,53,"Dipodomys","merriami","Rodent","Rodent Exclosure"
2124,10,25,1979,24,"DM","M",38,50,"Dipodomys","merriami","Rodent","Rodent Exclosure"
2180,11,17,1979,24,"DM","M",38,52,"Dipodomys","merriami","Rodent","Rodent Exclosure"
2241,11,18,1979,24,"DM","M",35,42,"Dipodomys","merriami","Rodent","Rodent Exclosure"
2377,1,16,1980,24,"DM","M",35,40,"Dipodomys","merriami","Rodent","Rodent Exclosure"
2403,1,16,1980,24,"DM","M",38,54,"Dipodomys","merriami","Rodent","Rodent Exclosure"
2496,2,25,1980,24,"DM","M",36,51,"Dipodomys","merriami","Rodent","Rodent Exclosure"
2502,2,25,1980,24,"DM","M",36,46,"Dipodomys","merriami","Rodent","Rodent Exclosure"
2511,2,25,1980,24,"DM","M",37,51,"Dipodomys","merriami","Rodent","Rodent Exclosure"
2922,5,17,1980,24,"DM","M",36,49,"Dipodomys","merriami","Rodent","Rodent Exclosure"
2955,5,17,1980,24,"DM","M",35,30,"Dipodomys","merriami","Rodent","Rodent Exclosure"
3206,8,13,1980,24,"DM","M",37,43,"Dipodomys","merriami","Rodent","Rodent Exclosure"
3347,10,11,1980,24,"DM","M",38,52,"Dipodomys","merriami","Rodent","Rodent Exclosure"
3428,11,8,1980,24,"DM","M",37,52,"Dipodomys","merriami","Rodent","Rodent Exclosure"
3446,11,8,1980,24,"DM","M",37,38,"Dipodomys","merriami","Rodent","Rodent Exclosure"
4388,5,3,1981,24,"DM","M",36,41,"Dipodomys","merriami","Rodent","Rodent Exclosure"
4410,5,3,1981,24,"DM","M",36,43,"Dipodomys","merriami","Rodent","Rodent Exclosure"
4598,6,5,1981,24,"DM","M",37,45,"Dipodomys","merriami","Rodent","Rodent Exclosure"
4611,7,7,1981,24,"DM","M",37,44,"Dipodomys","merriami","Rodent","Rodent Exclosure"
4644,7,7,1981,24,"DM","M",36,45,"Dipodomys","merriami","Rodent","Rodent Exclosure"
4740,7,31,1981,24,"DM","M",36,44,"Dipodomys","merriami","Rodent","Rodent Exclosure"
4769,8,30,1981,24,"DM","M",33,19,"Dipodomys","merriami","Rodent","Rodent Exclosure"
4779,8,30,1981,24,"DM","M",37,47,"Dipodomys","merriami","Rodent","Rodent Exclosure"
4814,9,29,1981,24,"DM","M",38,47,"Dipodomys","merriami","Rodent","Rodent Exclosure"
4820,9,29,1981,24,"DM","M",37,46,"Dipodomys","merriami","Rodent","Rodent Exclosure"
5004,11,22,1981,24,"DM","M",36,48,"Dipodomys","merriami","Rodent","Rodent Exclosure"
5135,12,31,1981,24,"DM","M",37,45,"Dipodomys","merriami","Rodent","Rodent Exclosure"
5138,12,31,1981,24,"DM","M",33,25,"Dipodomys","merriami","Rodent","Rodent Exclosure"
5205,1,24,1982,24,"DM","M",35,33,"Dipodomys","merriami","Rodent","Rodent Exclosure"
5255,1,24,1982,24,"DM","M",36,46,"Dipodomys","merriami","Rodent","Rodent Exclosure"
5333,2,22,1982,24,"DM","M",37,38,"Dipodomys","merriami","Rodent","Rodent Exclosure"
5515,3,29,1982,24,"DM","M",36,39,"Dipodomys","merriami","Rodent","Rodent Exclosure"
5555,3,29,1982,24,"DM","M",35,47,"Dipodomys","merriami","Rodent","Rodent Exclosure"
5714,4,28,1982,24,"DM","M",36,41,"Dipodomys","merriami","Rodent","Rodent Exclosure"
5844,5,21,1982,24,"DM","M",36,42,"Dipodomys","merriami","Rodent","Rodent Exclosure"
6338,8,15,1982,24,"DM","M",35,45,"Dipodomys","merriami","Rodent","Rodent Exclosure"
6647,9,19,1982,24,"DM","M",36,41,"Dipodomys","merriami","Rodent","Rodent Exclosure"
6856,10,24,1982,24,"DM","M",36,41,"Dipodomys","merriami","Rodent","Rodent Exclosure"
6857,10,24,1982,24,"DM","M",35,46,"Dipodomys","merriami","Rodent","Rodent Exclosure"
6967,11,21,1982,24,"DM","M",35,41,"Dipodomys","merriami","Rodent","Rodent Exclosure"
6984,11,21,1982,24,"DM","M",36,47,"Dipodomys","merriami","Rodent","Rodent Exclosure"
7147,1,12,1983,24,"DM","M",36,42,"Dipodomys","merriami","Rodent","Rodent Exclosure"
7184,1,12,1983,24,"DM","M",37,42,"Dipodomys","merriami","Rodent","Rodent Exclosure"
7320,2,26,1983,24,"DM","M",35,43,"Dipodomys","merriami","Rodent","Rodent Exclosure"
7501,3,14,1983,24,"DM","M",35,44,"Dipodomys","merriami","Rodent","Rodent Exclosure"
9102,5,12,1984,24,"DM","M",26,33,"Dipodomys","merriami","Rodent","Rodent Exclosure"
9111,5,12,1984,24,"DM","M",34,41,"Dipodomys","merriami","Rodent","Rodent Exclosure"
9119,5,12,1984,24,"DM","M",36,48,"Dipodomys","merriami","Rodent","Rodent Exclosure"
9222,5,27,1984,24,"DM","M",33,23,"Dipodomys","merriami","Rodent","Rodent Exclosure"
9232,5,27,1984,24,"DM","M",34,24,"Dipodomys","merriami","Rodent","Rodent Exclosure"
9314,7,3,1984,24,"DM","M",36,34,"Dipodomys","merriami","Rodent","Rodent Exclosure"
9391,7,31,1984,24,"DM","M",38,37,"Dipodomys","merriami","Rodent","Rodent Exclosure"
9478,8,25,1984,24,"DM","M",37,39,"Dipodomys","merriami","Rodent","Rodent Exclosure"
9532,9,29,1984,24,"DM","M",36,45,"Dipodomys","merriami","Rodent","Rodent Exclosure"
9553,9,29,1984,24,"DM","M",35,37,"Dipodomys","merriami","Rodent","Rodent Exclosure"
9637,10,20,1984,24,"DM","M",37,42,"Dipodomys","merriami","Rodent","Rodent Exclosure"
9660,10,20,1984,24,"DM","M",35,36,"Dipodomys","merriami","Rodent","Rodent Exclosure"
9727,12,30,1984,24,"DM","M",37,49,"Dipodomys","merriami","Rodent","Rodent Exclosure"
9733,12,30,1984,24,"DM","M",35,40,"Dipodomys","merriami","Rodent","Rodent Exclosure"
9821,1,19,1985,24,"DM","M",36,39,"Dipodomys","merriami","Rodent","Rodent Exclosure"
9831,1,19,1985,24,"DM","M",35,37,"Dipodomys","merriami","Rodent","Rodent Exclosure"
9851,1,19,1985,24,"DM","M",36,35,"Dipodomys","merriami","Rodent","Rodent Exclosure"
9951,2,16,1985,24,"DM","M",37,41,"Dipodomys","merriami","Rodent","Rodent Exclosure"
9959,2,16,1985,24,"DM","M",36,38,"Dipodomys","merriami","Rodent","Rodent Exclosure"
10063,3,16,1985,24,"DM","M",35,40,"Dipodomys","merriami","Rodent","Rodent Exclosure"
10179,4,20,1985,24,"DM","M",37,43,"Dipodomys","merriami","Rodent","Rodent Exclosure"
10192,4,20,1985,24,"DM","M",37,46,"Dipodomys","merriami","Rodent","Rodent Exclosure"
10203,4,20,1985,24,"DM","M",36,45,"Dipodomys","merriami","Rodent","Rodent Exclosure"
10230,4,20,1985,24,"DM","M",35,43,"Dipodomys","merriami","Rodent","Rodent Exclosure"
10243,4,20,1985,24,"DM","M",36,45,"Dipodomys","merriami","Rodent","Rodent Exclosure"
10388,5,23,1985,24,"DM","M",37,43,"Dipodomys","merriami","Rodent","Rodent Exclosure"
10394,5,23,1985,24,"DM","M",36,45,"Dipodomys","merriami","Rodent","Rodent Exclosure"
10405,5,23,1985,24,"DM","M",36,36,"Dipodomys","merriami","Rodent","Rodent Exclosure"
10480,6,15,1985,24,"DM","M",35,41,"Dipodomys","merriami","Rodent","Rodent Exclosure"
10566,7,23,1985,24,"DM","M",36,43,"Dipodomys","merriami","Rodent","Rodent Exclosure"
10755,9,21,1985,24,"DM","M",32,22,"Dipodomys","merriami","Rodent","Rodent Exclosure"
10768,9,21,1985,24,"DM","M",36,46,"Dipodomys","merriami","Rodent","Rodent Exclosure"
10879,10,12,1985,24,"DM","M",36,39,"Dipodomys","merriami","Rodent","Rodent Exclosure"
10989,11,16,1985,24,"DM","M",35,48,"Dipodomys","merriami","Rodent","Rodent Exclosure"
11003,11,16,1985,24,"DM","M",37,41,"Dipodomys","merriami","Rodent","Rodent Exclosure"
11094,12,7,1985,24,"DM","M",35,48,"Dipodomys","merriami","Rodent","Rodent Exclosure"
11126,12,7,1985,24,"DM","M",37,42,"Dipodomys","merriami","Rodent","Rodent Exclosure"
11234,3,8,1986,24,"DM","M",38,48,"Dipodomys","merriami","Rodent","Rodent Exclosure"
11271,3,8,1986,24,"DM","M",37,45,"Dipodomys","merriami","Rodent","Rodent Exclosure"
11437,5,10,1986,24,"DM","M",37,45,"Dipodomys","merriami","Rodent","Rodent Exclosure"
11438,5,10,1986,24,"DM","M",37,44,"Dipodomys","merriami","Rodent","Rodent Exclosure"
11480,5,10,1986,24,"DM","M",35,42,"Dipodomys","merriami","Rodent","Rodent Exclosure"
11546,6,4,1986,24,"DM","M",37,50,"Dipodomys","merriami","Rodent","Rodent Exclosure"
11577,6,4,1986,24,"DM","M",37,43,"Dipodomys","merriami","Rodent","Rodent Exclosure"
11653,7,3,1986,24,"DM","M",35,48,"Dipodomys","merriami","Rodent","Rodent Exclosure"
11675,7,3,1986,24,"DM","M",35,43,"Dipodomys","merriami","Rodent","Rodent Exclosure"
11758,8,9,1986,24,"DM","M",35,41,"Dipodomys","merriami","Rodent","Rodent Exclosure"
11812,9,6,1986,24,"DM","M",34,25,"Dipodomys","merriami","Rodent","Rodent Exclosure"
11831,9,6,1986,24,"DM","M",34,23,"Dipodomys","merriami","Rodent","Rodent Exclosure"
11834,9,6,1986,24,"DM","M",35,42,"Dipodomys","merriami","Rodent","Rodent Exclosure"
11915,10,4,1986,24,"DM","M",36,45,"Dipodomys","merriami","Rodent","Rodent Exclosure"
11973,11,15,1986,24,"DM","M",36,42,"Dipodomys","merriami","Rodent","Rodent Exclosure"
11979,11,15,1986,24,"DM","M",36,37,"Dipodomys","merriami","Rodent","Rodent Exclosure"
12088,12,14,1986,24,"DM","M",36,43,"Dipodomys","merriami","Rodent","Rodent Exclosure"
12100,12,14,1986,24,"DM","M",37,42,"Dipodomys","merriami","Rodent","Rodent Exclosure"
12171,1,31,1987,24,"DM","M",35,45,"Dipodomys","merriami","Rodent","Rodent Exclosure"
12188,1,31,1987,24,"DM","M",35,43,"Dipodomys","merriami","Rodent","Rodent Exclosure"
12196,1,31,1987,24,"DM","M",34,26,"Dipodomys","merriami","Rodent","Rodent Exclosure"
12229,1,31,1987,24,"DM","M",36,43,"Dipodomys","merriami","Rodent","Rodent Exclosure"
12347,3,1,1987,24,"DM","M",36,46,"Dipodomys","merriami","Rodent","Rodent Exclosure"
12363,3,1,1987,24,"DM","M",36,32,"Dipodomys","merriami","Rodent","Rodent Exclosure"
12370,3,1,1987,24,"DM","M",36,48,"Dipodomys","merriami","Rodent","Rodent Exclosure"
12385,3,1,1987,24,"DM","M",37,45,"Dipodomys","merriami","Rodent","Rodent Exclosure"
12488,4,4,1987,24,"DM","M",36,46,"Dipodomys","merriami","Rodent","Rodent Exclosure"
12630,4,25,1987,24,"DM","M",36,46,"Dipodomys","merriami","Rodent","Rodent Exclosure"
12653,4,25,1987,24,"DM","M",35,42,"Dipodomys","merriami","Rodent","Rodent Exclosure"
12868,5,28,1987,24,"DM","M",36,51,"Dipodomys","merriami","Rodent","Rodent Exclosure"
12918,6,30,1987,24,"DM","M",37,45,"Dipodomys","merriami","Rodent","Rodent Exclosure"
12949,6,30,1987,24,"DM","M",36,50,"Dipodomys","merriami","Rodent","Rodent Exclosure"
13216,8,25,1987,24,"DM","M",35,42,"Dipodomys","merriami","Rodent","Rodent Exclosure"
13398,9,26,1987,24,"DM","M",36,45,"Dipodomys","merriami","Rodent","Rodent Exclosure"
13542,10,24,1987,24,"DM","M",36,40,"Dipodomys","merriami","Rodent","Rodent Exclosure"
13700,11,21,1987,24,"DM","M",37,40,"Dipodomys","merriami","Rodent","Rodent Exclosure"
13876,1,23,1988,24,"DM","M",37,42,"Dipodomys","merriami","Rodent","Rodent Exclosure"
14241,3,20,1988,24,"DM","M",37,48,"Dipodomys","merriami","Rodent","Rodent Exclosure"
15339,1,10,1989,24,"DM","M",36,46,"Dipodomys","merriami","Rodent","Rodent Exclosure"
15552,2,4,1989,24,"DM","M",38,45,"Dipodomys","merriami","Rodent","Rodent Exclosure"
28534,9,19,1998,24,"DM","M",36,29,"Dipodomys","merriami","Rodent","Rodent Exclosure"
32690,9,22,2001,24,"PF","M",14,6,"Perognathus","flavus","Rodent","Rodent Exclosure"
2116,10,25,1979,24,"PE","M",18,19,"Peromyscus","eremicus","Rodent","Rodent Exclosure"
3049,6,22,1980,24,"PE","M",20,22,"Peromyscus","eremicus","Rodent","Rodent Exclosure"
3127,7,21,1980,24,"PE","M",20,24,"Peromyscus","eremicus","Rodent","Rodent Exclosure"
4360,5,3,1981,24,"PE","M",20,21,"Peromyscus","eremicus","Rodent","Rodent Exclosure"
4897,10,24,1981,24,"PE","M",21,17,"Peromyscus","eremicus","Rodent","Rodent Exclosure"
4959,11,22,1981,24,"PE","M",22,20,"Peromyscus","eremicus","Rodent","Rodent Exclosure"
5200,1,24,1982,24,"PE","M",20,22,"Peromyscus","eremicus","Rodent","Rodent Exclosure"
5345,2,22,1982,24,"PE","M",20,22,"Peromyscus","eremicus","Rodent","Rodent Exclosure"
5547,3,29,1982,24,"PE","M",20,22,"Peromyscus","eremicus","Rodent","Rodent Exclosure"
5696,4,28,1982,24,"PE","M",19,20,"Peromyscus","eremicus","Rodent","Rodent Exclosure"
5721,4,28,1982,24,"PE","M",22,26,"Peromyscus","eremicus","Rodent","Rodent Exclosure"
6607,9,19,1982,24,"PE","M",20,18,"Peromyscus","eremicus","Rodent","Rodent Exclosure"
6807,10,24,1982,24,"PE","M",21,22,"Peromyscus","eremicus","Rodent","Rodent Exclosure"
6843,10,24,1982,24,"PE","M",21,19,"Peromyscus","eremicus","Rodent","Rodent Exclosure"
6992,11,21,1982,24,"PE","M",17,16,"Peromyscus","eremicus","Rodent","Rodent Exclosure"
7687,4,16,1983,24,"PE","M",21,26,"Peromyscus","eremicus","Rodent","Rodent Exclosure"
7803,5,14,1983,24,"PE","M",21,24,"Peromyscus","eremicus","Rodent","Rodent Exclosure"
7958,6,17,1983,24,"PE","M",20,13,"Peromyscus","eremicus","Rodent","Rodent Exclosure"
8694,12,8,1983,24,"PE","M",21,17,"Peromyscus","eremicus","Rodent","Rodent Exclosure"
9066,5,12,1984,24,"PE","M",19,17,"Peromyscus","eremicus","Rodent","Rodent Exclosure"
10040,3,16,1985,24,"PE","M",18,17,"Peromyscus","eremicus","Rodent","Rodent Exclosure"
10186,4,20,1985,24,"PE","M",20,21,"Peromyscus","eremicus","Rodent","Rodent Exclosure"
10959,11,16,1985,24,"PE","M",20,19,"Peromyscus","eremicus","Rodent","Rodent Exclosure"
11096,12,7,1985,24,"PE","M",19,19,"Peromyscus","eremicus","Rodent","Rodent Exclosure"
12905,6,30,1987,24,"PE","M",21,17,"Peromyscus","eremicus","Rodent","Rodent Exclosure"
13488,10,24,1987,24,"PE","M",21,19,"Peromyscus","eremicus","Rodent","Rodent Exclosure"
13519,10,24,1987,24,"PE","M",21,22,"Peromyscus","eremicus","Rodent","Rodent Exclosure"
13658,11,21,1987,24,"PE","M",19,19,"Peromyscus","eremicus","Rodent","Rodent Exclosure"
14348,4,17,1988,24,"PE","M",20,26,"Peromyscus","eremicus","Rodent","Rodent Exclosure"
14352,4,17,1988,24,"PE","M",20,22,"Peromyscus","eremicus","Rodent","Rodent Exclosure"
14555,6,11,1988,24,"PE","M",21,22,"Peromyscus","eremicus","Rodent","Rodent Exclosure"
14676,7,14,1988,24,"PE","M",21,20,"Peromyscus","eremicus","Rodent","Rodent Exclosure"
14747,8,9,1988,24,"PE","M",21,21,"Peromyscus","eremicus","Rodent","Rodent Exclosure"
14862,9,11,1988,24,"PE","M",21,20,"Peromyscus","eremicus","Rodent","Rodent Exclosure"
14877,9,11,1988,24,"PE","M",21,17,"Peromyscus","eremicus","Rodent","Rodent Exclosure"
14942,10,8,1988,24,"PE","M",20,21,"Peromyscus","eremicus","Rodent","Rodent Exclosure"
15172,12,13,1988,24,"PE","M",20,22,"Peromyscus","eremicus","Rodent","Rodent Exclosure"
16106,6,3,1989,24,"PE","M",20,21,"Peromyscus","eremicus","Rodent","Rodent Exclosure"
16561,10,8,1989,24,"PE","M",22,23,"Peromyscus","eremicus","Rodent","Rodent Exclosure"
16991,1,29,1990,24,"PE","M",22,24,"Peromyscus","eremicus","Rodent","Rodent Exclosure"
17587,6,21,1990,24,"PE","M",20,21,"Peromyscus","eremicus","Rodent","Rodent Exclosure"
17991,11,10,1990,24,"PE","M",20,19,"Peromyscus","eremicus","Rodent","Rodent Exclosure"
18200,1,11,1991,24,"PE","M",21,21,"Peromyscus","eremicus","Rodent","Rodent Exclosure"
18939,8,7,1991,24,"PE","M",12,11,"Peromyscus","eremicus","Rodent","Rodent Exclosure"
18952,8,7,1991,24,"PE","M",16,26,"Peromyscus","eremicus","Rodent","Rodent Exclosure"
19100,10,10,1991,24,"PE","M",22,24,"Peromyscus","eremicus","Rodent","Rodent Exclosure"
19400,12,7,1991,24,"PE","M",21,27,"Peromyscus","eremicus","Rodent","Rodent Exclosure"
19723,2,7,1992,24,"PE","M",21,25,"Peromyscus","eremicus","Rodent","Rodent Exclosure"
20032,5,30,1992,24,"PE","M",20,13,"Peromyscus","eremicus","Rodent","Rodent Exclosure"
20583,1,24,1993,24,"PE","M",19,22,"Peromyscus","eremicus","Rodent","Rodent Exclosure"
20906,6,18,1993,24,"PE","M",20,22,"Peromyscus","eremicus","Rodent","Rodent Exclosure"
21219,11,13,1993,24,"PE","M",19,10,"Peromyscus","eremicus","Rodent","Rodent Exclosure"
21881,11,1,1994,24,"PE","M",20,18,"Peromyscus","eremicus","Rodent","Rodent Exclosure"
21938,12,4,1994,24,"PE","M",21,19,"Peromyscus","eremicus","Rodent","Rodent Exclosure"
22298,6,7,1995,24,"PE","M",21,19,"Peromyscus","eremicus","Rodent","Rodent Exclosure"
22313,6,7,1995,24,"PE","M",21,23,"Peromyscus","eremicus","Rodent","Rodent Exclosure"
22841,10,28,1995,24,"PE","M",19,17,"Peromyscus","eremicus","Rodent","Rodent Exclosure"
23528,3,23,1996,24,"PE","M",19,21,"Peromyscus","eremicus","Rodent","Rodent Exclosure"
23730,4,14,1996,24,"PE","M",20,20,"Peromyscus","eremicus","Rodent","Rodent Exclosure"
24552,10,12,1996,24,"PE","M",21,20,"Peromyscus","eremicus","Rodent","Rodent Exclosure"
25182,3,15,1997,24,"PE","M",21,27,"Peromyscus","eremicus","Rodent","Rodent Exclosure"
25230,3,15,1997,24,"PE","M",20,26,"Peromyscus","eremicus","Rodent","Rodent Exclosure"
25709,5,10,1997,24,"PE","M",22,23,"Peromyscus","eremicus","Rodent","Rodent Exclosure"
25778,5,10,1997,24,"PE","M",22,26,"Peromyscus","eremicus","Rodent","Rodent Exclosure"
26335,7,9,1997,24,"PE","M",20,17,"Peromyscus","eremicus","Rodent","Rodent Exclosure"
27010,10,25,1997,24,"PE","M",21,20,"Peromyscus","eremicus","Rodent","Rodent Exclosure"
27175,11,22,1997,24,"PE","M",20,22,"Peromyscus","eremicus","Rodent","Rodent Exclosure"
27296,12,28,1997,24,"PE","M",21,26,"Peromyscus","eremicus","Rodent","Rodent Exclosure"
27694,3,29,1998,24,"PE","M",21,24,"Peromyscus","eremicus","Rodent","Rodent Exclosure"
27767,5,2,1998,24,"PE","M",20,23,"Peromyscus","eremicus","Rodent","Rodent Exclosure"
28064,6,27,1998,24,"PE","M",18,8,"Peromyscus","eremicus","Rodent","Rodent Exclosure"
28085,6,27,1998,24,"PE","M",20,22,"Peromyscus","eremicus","Rodent","Rodent Exclosure"
28218,7,18,1998,24,"PE","M",19,18,"Peromyscus","eremicus","Rodent","Rodent Exclosure"
28536,9,19,1998,24,"PE","M",19,17,"Peromyscus","eremicus","Rodent","Rodent Exclosure"
29762,6,12,1999,24,"PE","M",19,24,"Peromyscus","eremicus","Rodent","Rodent Exclosure"
30644,4,30,2000,24,"PE","M",21,31,"Peromyscus","eremicus","Rodent","Rodent Exclosure"
30645,4,30,2000,24,"PE","M",20,21,"Peromyscus","eremicus","Rodent","Rodent Exclosure"
30795,6,3,2000,24,"PE","M",20,20,"Peromyscus","eremicus","Rodent","Rodent Exclosure"
31608,11,26,2000,24,"PE","M",19,16,"Peromyscus","eremicus","Rodent","Rodent Exclosure"
31609,11,26,2000,24,"PE","M",21,20,"Peromyscus","eremicus","Rodent","Rodent Exclosure"
31665,12,22,2000,24,"PE","M",20,23,"Peromyscus","eremicus","Rodent","Rodent Exclosure"
32228,6,25,2001,24,"PE","M",19,17,"Peromyscus","eremicus","Rodent","Rodent Exclosure"
33111,11,17,2001,24,"PE","M",20,18,"Peromyscus","eremicus","Rodent","Rodent Exclosure"
33302,12,15,2001,24,"PE","M",20,24,"Peromyscus","eremicus","Rodent","Rodent Exclosure"
33303,12,15,2001,24,"PE","M",20,23,"Peromyscus","eremicus","Rodent","Rodent Exclosure"
33437,2,9,2002,24,"PE","M",21,20,"Peromyscus","eremicus","Rodent","Rodent Exclosure"
34043,5,15,2002,24,"PE","M",19,20,"Peromyscus","eremicus","Rodent","Rodent Exclosure"
34278,6,15,2002,24,"PE","M",20,15,"Peromyscus","eremicus","Rodent","Rodent Exclosure"
34866,10,5,2002,24,"PE","M",19,20,"Peromyscus","eremicus","Rodent","Rodent Exclosure"
35070,11,9,2002,24,"PE","M",21,23,"Peromyscus","eremicus","Rodent","Rodent Exclosure"
2501,2,25,1980,24,"DS","M",51,87,"Dipodomys","spectabilis","Rodent","Rodent Exclosure"
6971,11,21,1982,24,"DS","M",46,94,"Dipodomys","spectabilis","Rodent","Rodent Exclosure"
17747,8,16,1990,24,"PP","M",22,20,"Chaetodipus","penicillatus","Rodent","Rodent Exclosure"
27738,3,29,1998,24,"PP","M",22,22,"Chaetodipus","penicillatus","Rodent","Rodent Exclosure"
28016,6,27,1998,24,"PP","M",21,14,"Chaetodipus","penicillatus","Rodent","Rodent Exclosure"
28175,7,18,1998,24,"PP","M",21,13,"Chaetodipus","penicillatus","Rodent","Rodent Exclosure"
29089,1,16,1999,24,"PP","M",21,15,"Chaetodipus","penicillatus","Rodent","Rodent Exclosure"
29993,11,6,1999,24,"PP","M",22,18,"Chaetodipus","penicillatus","Rodent","Rodent Exclosure"
30984,7,1,2000,24,"PP","M",21,21,"Chaetodipus","penicillatus","Rodent","Rodent Exclosure"
31270,8,25,2000,24,"PP","M",21,16,"Chaetodipus","penicillatus","Rodent","Rodent Exclosure"
31271,8,25,2000,24,"PP","M",21,15,"Chaetodipus","penicillatus","Rodent","Rodent Exclosure"
31441,9,30,2000,24,"PP","M",22,16,"Chaetodipus","penicillatus","Rodent","Rodent Exclosure"
34697,9,8,2002,24,"PP","M",22,18,"Chaetodipus","penicillatus","Rodent","Rodent Exclosure"
13660,11,21,1987,24,"SH","M",31,52,"Sigmodon","hispidus","Rodent","Rodent Exclosure"
34530,7,13,2002,24,"SH","M",25,74,"Sigmodon","hispidus","Rodent","Rodent Exclosure"
2369,1,16,1980,24,"OT","M",20,22,"Onychomys","torridus","Rodent","Rodent Exclosure"
3335,10,11,1980,24,"OT","M",21,20,"Onychomys","torridus","Rodent","Rodent Exclosure"
3339,10,11,1980,24,"OT","M",20,24,"Onychomys","torridus","Rodent","Rodent Exclosure"
4809,9,29,1981,24,"OT","M",21,23,"Onychomys","torridus","Rodent","Rodent Exclosure"
5684,4,28,1982,24,"OT","M",19,29,"Onychomys","torridus","Rodent","Rodent Exclosure"
6850,10,24,1982,24,"OT","M",21,26,"Onychomys","torridus","Rodent","Rodent Exclosure"
7197,1,12,1983,24,"OT","M",21,25,"Onychomys","torridus","Rodent","Rodent Exclosure"
7333,2,26,1983,24,"OT","M",21,26,"Onychomys","torridus","Rodent","Rodent Exclosure"
7510,3,14,1983,24,"OT","M",20,29,"Onychomys","torridus","Rodent","Rodent Exclosure"
13208,8,25,1987,24,"OT","M",20,23,"Onychomys","torridus","Rodent","Rodent Exclosure"
13355,9,26,1987,24,"OT","M",20,21,"Onychomys","torridus","Rodent","Rodent Exclosure"
15360,1,10,1989,24,"OT","M",21,26,"Onychomys","torridus","Rodent","Rodent Exclosure"
15681,3,12,1989,24,"OT","M",21,27,"Onychomys","torridus","Rodent","Rodent Exclosure"
15994,5,9,1989,24,"OT","M",22,30,"Onychomys","torridus","Rodent","Rodent Exclosure"
19047,9,10,1991,24,"OT","M",20,20,"Onychomys","torridus","Rodent","Rodent Exclosure"
30982,7,1,2000,24,"OT","M",20,21,"Onychomys","torridus","Rodent","Rodent Exclosure"
32891,10,13,2001,24,"OT","M",20,22,"Onychomys","torridus","Rodent","Rodent Exclosure"
4810,9,29,1981,24,"DO","M",34,56,"Dipodomys","ordii","Rodent","Rodent Exclosure"
5129,12,31,1981,24,"DO","M",36,38,"Dipodomys","ordii","Rodent","Rodent Exclosure"
5207,1,24,1982,24,"DO","M",34,42,"Dipodomys","ordii","Rodent","Rodent Exclosure"
5258,1,24,1982,24,"DO","M",34,42,"Dipodomys","ordii","Rodent","Rodent Exclosure"
5364,2,22,1982,24,"DO","M",36,48,"Dipodomys","ordii","Rodent","Rodent Exclosure"
5366,2,22,1982,24,"DO","M",37,45,"Dipodomys","ordii","Rodent","Rodent Exclosure"
5548,3,29,1982,24,"DO","M",34,49,"Dipodomys","ordii","Rodent","Rodent Exclosure"
5703,4,28,1982,24,"DO","M",36,51,"Dipodomys","ordii","Rodent","Rodent Exclosure"
6343,8,15,1982,24,"DO","M",35,51,"Dipodomys","ordii","Rodent","Rodent Exclosure"
6604,9,19,1982,24,"DO","M",35,54,"Dipodomys","ordii","Rodent","Rodent Exclosure"
6820,10,24,1982,24,"DO","M",35,53,"Dipodomys","ordii","Rodent","Rodent Exclosure"
7486,3,14,1983,24,"DO","M",35,50,"Dipodomys","ordii","Rodent","Rodent Exclosure"
7661,4,16,1983,24,"DO","M",36,52,"Dipodomys","ordii","Rodent","Rodent Exclosure"
7935,6,17,1983,24,"DO","M",35,53,"Dipodomys","ordii","Rodent","Rodent Exclosure"
8692,12,8,1983,24,"DO","M",37,51,"Dipodomys","ordii","Rodent","Rodent Exclosure"
9055,5,12,1984,24,"DO","M",37,53,"Dipodomys","ordii","Rodent","Rodent Exclosure"
9074,5,12,1984,24,"DO","M",34,38,"Dipodomys","ordii","Rodent","Rodent Exclosure"
9203,5,27,1984,24,"DO","M",34,43,"Dipodomys","ordii","Rodent","Rodent Exclosure"
9299,7,3,1984,24,"DO","M",34,45,"Dipodomys","ordii","Rodent","Rodent Exclosure"
12376,3,1,1987,24,"DO","M",35,39,"Dipodomys","ordii","Rodent","Rodent Exclosure"
13347,9,26,1987,24,"DO","M",37,63,"Dipodomys","ordii","Rodent","Rodent Exclosure"
16540,10,8,1989,24,"DO","M",37,60,"Dipodomys","ordii","Rodent","Rodent Exclosure"
18327,2,16,1991,24,"DO","M",36,53,"Dipodomys","ordii","Rodent","Rodent Exclosure"
31269,8,25,2000,24,"DO","M",36,59,"Dipodomys","ordii","Rodent","Rodent Exclosure"
32084,5,26,2001,24,"DO","M",27,51,"Dipodomys","ordii","Rodent","Rodent Exclosure"
2526,2,25,1980,24,"OL","M",21,37,"Onychomys","leucogaster","Rodent","Rodent Exclosure"
10853,10,12,1985,24,"OL","M",20,29,"Onychomys","leucogaster","Rodent","Rodent Exclosure"
19728,2,7,1992,24,"OL","M",21,21,"Onychomys","leucogaster","Rodent","Rodent Exclosure"
2185,11,17,1979,24,"RM","M",14,7,"Reithrodontomys","megalotis","Rodent","Rodent Exclosure"
5246,1,24,1982,24,"RM","M",16,10,"Reithrodontomys","megalotis","Rodent","Rodent Exclosure"
5356,2,22,1982,24,"RM","M",16,9,"Reithrodontomys","megalotis","Rodent","Rodent Exclosure"
5561,3,29,1982,24,"RM","M",16,10,"Reithrodontomys","megalotis","Rodent","Rodent Exclosure"
5881,5,21,1982,24,"RM","M",13,10,"Reithrodontomys","megalotis","Rodent","Rodent Exclosure"
7010,11,21,1982,24,"RM","M",17,11,"Reithrodontomys","megalotis","Rodent","Rodent Exclosure"
7335,2,26,1983,24,"RM","M",17,10,"Reithrodontomys","megalotis","Rodent","Rodent Exclosure"
7484,3,14,1983,24,"RM","M",17,11,"Reithrodontomys","megalotis","Rodent","Rodent Exclosure"
7520,3,14,1983,24,"RM","M",15,8,"Reithrodontomys","megalotis","Rodent","Rodent Exclosure"
7653,4,16,1983,24,"RM","M",18,12,"Reithrodontomys","megalotis","Rodent","Rodent Exclosure"
7657,4,16,1983,24,"RM","M",17,7,"Reithrodontomys","megalotis","Rodent","Rodent Exclosure"
8593,11,12,1983,24,"RM","M",17,10,"Reithrodontomys","megalotis","Rodent","Rodent Exclosure"
9794,1,19,1985,24,"RM","M",16,4,"Reithrodontomys","megalotis","Rodent","Rodent Exclosure"
9949,2,16,1985,24,"RM","M",16,6,"Reithrodontomys","megalotis","Rodent","Rodent Exclosure"
11145,12,7,1985,24,"RM","M",18,8,"Reithrodontomys","megalotis","Rodent","Rodent Exclosure"
12176,1,31,1987,24,"RM","M",16,11,"Reithrodontomys","megalotis","Rodent","Rodent Exclosure"
13672,11,21,1987,24,"RM","M",16,9,"Reithrodontomys","megalotis","Rodent","Rodent Exclosure"
14093,2,21,1988,24,"RM","M",16,9,"Reithrodontomys","megalotis","Rodent","Rodent Exclosure"
14248,3,20,1988,24,"RM","M",18,10,"Reithrodontomys","megalotis","Rodent","Rodent Exclosure"
14359,4,17,1988,24,"RM","M",16,10,"Reithrodontomys","megalotis","Rodent","Rodent Exclosure"
15048,11,5,1988,24,"RM","M",17,10,"Reithrodontomys","megalotis","Rodent","Rodent Exclosure"
15187,12,13,1988,24,"RM","M",16,9,"Reithrodontomys","megalotis","Rodent","Rodent Exclosure"
15202,12,13,1988,24,"RM","M",16,10,"Reithrodontomys","megalotis","Rodent","Rodent Exclosure"
15333,1,10,1989,24,"RM","M",16,11,"Reithrodontomys","megalotis","Rodent","Rodent Exclosure"
15546,2,4,1989,24,"RM","M",18,11,"Reithrodontomys","megalotis","Rodent","Rodent Exclosure"
15562,2,4,1989,24,"RM","M",17,9,"Reithrodontomys","megalotis","Rodent","Rodent Exclosure"
15690,3,12,1989,24,"RM","M",17,11,"Reithrodontomys","megalotis","Rodent","Rodent Exclosure"
15694,3,12,1989,24,"RM","M",17,12,"Reithrodontomys","megalotis","Rodent","Rodent Exclosure"
15724,3,12,1989,24,"RM","M",17,11,"Reithrodontomys","megalotis","Rodent","Rodent Exclosure"
15874,4,1,1989,24,"RM","M",17,10,"Reithrodontomys","megalotis","Rodent","Rodent Exclosure"
15882,4,1,1989,24,"RM","M",17,9,"Reithrodontomys","megalotis","Rodent","Rodent Exclosure"
15889,4,1,1989,24,"RM","M",19,11,"Reithrodontomys","megalotis","Rodent","Rodent Exclosure"
16008,5,9,1989,24,"RM","M",19,12,"Reithrodontomys","megalotis","Rodent","Rodent Exclosure"
16145,6,3,1989,24,"RM","M",17,10,"Reithrodontomys","megalotis","Rodent","Rodent Exclosure"
16884,1,6,1990,24,"RM","M",17,9,"Reithrodontomys","megalotis","Rodent","Rodent Exclosure"
16909,1,6,1990,24,"RM","M",17,11,"Reithrodontomys","megalotis","Rodent","Rodent Exclosure"
17280,3,29,1990,24,"RM","M",17,9,"Reithrodontomys","megalotis","Rodent","Rodent Exclosure"
17385,4,24,1990,24,"RM","M",17,9,"Reithrodontomys","megalotis","Rodent","Rodent Exclosure"
18220,1,11,1991,24,"RM","M",17,10,"Reithrodontomys","megalotis","Rodent","Rodent Exclosure"
18250,1,11,1991,24,"RM","M",12,9,"Reithrodontomys","megalotis","Rodent","Rodent Exclosure"
18356,2,16,1991,24,"RM","M",16,9,"Reithrodontomys","megalotis","Rodent","Rodent Exclosure"
18448,3,13,1991,24,"RM","M",17,9,"Reithrodontomys","megalotis","Rodent","Rodent Exclosure"
18449,3,13,1991,24,"RM","M",17,11,"Reithrodontomys","megalotis","Rodent","Rodent Exclosure"
19273,11,14,1991,24,"RM","M",17,13,"Reithrodontomys","megalotis","Rodent","Rodent Exclosure"
19305,11,14,1991,24,"RM","M",17,10,"Reithrodontomys","megalotis","Rodent","Rodent Exclosure"
19393,12,7,1991,24,"RM","M",16,11,"Reithrodontomys","megalotis","Rodent","Rodent Exclosure"
19403,12,7,1991,24,"RM","M",16,10,"Reithrodontomys","megalotis","Rodent","Rodent Exclosure"
19419,12,7,1991,24,"RM","M",16,12,"Reithrodontomys","megalotis","Rodent","Rodent Exclosure"
19448,12,7,1991,24,"RM","M",17,9,"Reithrodontomys","megalotis","Rodent","Rodent Exclosure"
19777,3,7,1992,24,"RM","M",17,8,"Reithrodontomys","megalotis","Rodent","Rodent Exclosure"
20464,10,18,1992,24,"RM","M",16,12,"Reithrodontomys","megalotis","Rodent","Rodent Exclosure"
20525,12,21,1992,24,"RM","M",16,11,"Reithrodontomys","megalotis","Rodent","Rodent Exclosure"
20585,1,24,1993,24,"RM","M",16,12,"Reithrodontomys","megalotis","Rodent","Rodent Exclosure"
20642,2,19,1993,24,"RM","M",16,12,"Reithrodontomys","megalotis","Rodent","Rodent Exclosure"
20904,6,18,1993,24,"RM","M",17,11,"Reithrodontomys","megalotis","Rodent","Rodent Exclosure"
21049,8,19,1993,24,"RM","M",17,12,"Reithrodontomys","megalotis","Rodent","Rodent Exclosure"
21229,11,13,1993,24,"RM","M",17,12,"Reithrodontomys","megalotis","Rodent","Rodent Exclosure"
21272,12,14,1993,24,"RM","M",16,11,"Reithrodontomys","megalotis","Rodent","Rodent Exclosure"
21405,2,21,1994,24,"RM","M",14,11,"Reithrodontomys","megalotis","Rodent","Rodent Exclosure"
21454,3,11,1994,24,"RM","M",17,10,"Reithrodontomys","megalotis","Rodent","Rodent Exclosure"
21485,4,10,1994,24,"RM","M",16,10,"Reithrodontomys","megalotis","Rodent","Rodent Exclosure"
21576,5,18,1994,24,"RM","M",17,9,"Reithrodontomys","megalotis","Rodent","Rodent Exclosure"
21997,1,11,1995,24,"RM","M",15,10,"Reithrodontomys","megalotis","Rodent","Rodent Exclosure"
22232,4,29,1995,24,"RM","M",16,14,"Reithrodontomys","megalotis","Rodent","Rodent Exclosure"
22387,6,27,1995,24,"RM","M",19,12,"Reithrodontomys","megalotis","Rodent","Rodent Exclosure"
22558,8,26,1995,24,"RM","M",17,13,"Reithrodontomys","megalotis","Rodent","Rodent Exclosure"
22668,9,23,1995,24,"RM","M",16,13,"Reithrodontomys","megalotis","Rodent","Rodent Exclosure"
22879,10,28,1995,24,"RM","M",16,10,"Reithrodontomys","megalotis","Rodent","Rodent Exclosure"
22892,10,28,1995,24,"RM","M",19,15,"Reithrodontomys","megalotis","Rodent","Rodent Exclosure"
23020,12,2,1995,24,"RM","M",17,10,"Reithrodontomys","megalotis","Rodent","Rodent Exclosure"
23244,1,27,1996,24,"RM","M",16,10,"Reithrodontomys","megalotis","Rodent","Rodent Exclosure"
23372,2,24,1996,24,"RM","M",20,14,"Reithrodontomys","megalotis","Rodent","Rodent Exclosure"
23557,3,23,1996,24,"RM","M",16,10,"Reithrodontomys","megalotis","Rodent","Rodent Exclosure"
23664,4,14,1996,24,"RM","M",17,10,"Reithrodontomys","megalotis","Rodent","Rodent Exclosure"
23897,5,23,1996,24,"RM","M",18,11,"Reithrodontomys","megalotis","Rodent","Rodent Exclosure"
24927,2,8,1997,24,"RM","M",17,11,"Reithrodontomys","megalotis","Rodent","Rodent Exclosure"
25512,4,12,1997,24,"RM","M",15,11,"Reithrodontomys","megalotis","Rodent","Rodent Exclosure"
25819,5,10,1997,24,"RM","M",16,11,"Reithrodontomys","megalotis","Rodent","Rodent Exclosure"
26830,9,27,1997,24,"RM","M",15,11,"Reithrodontomys","megalotis","Rodent","Rodent Exclosure"
26975,10,25,1997,24,"RM","M",16,11,"Reithrodontomys","megalotis","Rodent","Rodent Exclosure"
29368,3,14,1999,24,"RM","M",16,12,"Reithrodontomys","megalotis","Rodent","Rodent Exclosure"
30219,1,8,2000,24,"RM","M",17,13,"Reithrodontomys","megalotis","Rodent","Rodent Exclosure"
30800,6,3,2000,24,"RM","M",17,10,"Reithrodontomys","megalotis","Rodent","Rodent Exclosure"
33304,12,15,2001,24,"RM","M",16,10,"Reithrodontomys","megalotis","Rodent","Rodent Exclosure"
34528,7,13,2002,24,"RM","M",15,7,"Reithrodontomys","megalotis","Rodent","Rodent Exclosure"
5528,3,29,1982,24,"PM","M",18,18,"Peromyscus","maniculatus","Rodent","Rodent Exclosure"
5861,5,21,1982,24,"PM","M",18,23,"Peromyscus","maniculatus","Rodent","Rodent Exclosure"
6348,8,15,1982,24,"PM","M",20,22,"Peromyscus","maniculatus","Rodent","Rodent Exclosure"
6402,8,15,1982,24,"PM","M",20,25,"Peromyscus","maniculatus","Rodent","Rodent Exclosure"
6617,9,19,1982,24,"PM","M",21,23,"Peromyscus","maniculatus","Rodent","Rodent Exclosure"
6833,10,24,1982,24,"PM","M",21,23,"Peromyscus","maniculatus","Rodent","Rodent Exclosure"
7191,1,12,1983,24,"PM","M",19,19,"Peromyscus","maniculatus","Rodent","Rodent Exclosure"
7676,4,16,1983,24,"PM","M",21,25,"Peromyscus","maniculatus","Rodent","Rodent Exclosure"
7865,5,14,1983,24,"PM","M",20,24,"Peromyscus","maniculatus","Rodent","Rodent Exclosure"
8081,7,16,1983,24,"PM","M",21,24,"Peromyscus","maniculatus","Rodent","Rodent Exclosure"
8527,10,16,1983,24,"PM","M",21,25,"Peromyscus","maniculatus","Rodent","Rodent Exclosure"
8914,3,12,1984,24,"PM","M",20,19,"Peromyscus","maniculatus","Rodent","Rodent Exclosure"
10182,4,20,1985,24,"PM","M",20,21,"Peromyscus","maniculatus","Rodent","Rodent Exclosure"
11346,4,12,1986,24,"PM","M",19,18,"Peromyscus","maniculatus","Rodent","Rodent Exclosure"
12772,5,28,1987,24,"PM","M",22,25,"Peromyscus","maniculatus","Rodent","Rodent Exclosure"
12851,5,28,1987,24,"PM","M",20,24,"Peromyscus","maniculatus","Rodent","Rodent Exclosure"
13382,9,26,1987,24,"PM","M",21,19,"Peromyscus","maniculatus","Rodent","Rodent Exclosure"
23387,2,24,1996,24,"PM","M",21,21,"Peromyscus","maniculatus","Rodent","Rodent Exclosure"
23513,3,23,1996,24,"PM","M",21,21,"Peromyscus","maniculatus","Rodent","Rodent Exclosure"
23660,4,14,1996,24,"PM","M",20,18,"Peromyscus","maniculatus","Rodent","Rodent Exclosure"
23719,4,14,1996,24,"PM","M",20,17,"Peromyscus","maniculatus","Rodent","Rodent Exclosure"
24433,9,21,1996,24,"PM","M",19,20,"Peromyscus","maniculatus","Rodent","Rodent Exclosure"
24689,11,16,1996,24,"PM","M",20,25,"Peromyscus","maniculatus","Rodent","Rodent Exclosure"
24852,12,18,1996,24,"PM","M",20,20,"Peromyscus","maniculatus","Rodent","Rodent Exclosure"
24937,2,8,1997,24,"PM","M",21,24,"Peromyscus","maniculatus","Rodent","Rodent Exclosure"
25199,3,15,1997,24,"PM","M",20,29,"Peromyscus","maniculatus","Rodent","Rodent Exclosure"
25457,4,12,1997,24,"PM","M",24,12,"Peromyscus","maniculatus","Rodent","Rodent Exclosure"
25827,5,10,1997,24,"PM","M",19,7,"Peromyscus","maniculatus","Rodent","Rodent Exclosure"
25828,5,10,1997,24,"PM","M",18,7,"Peromyscus","maniculatus","Rodent","Rodent Exclosure"
26404,7,9,1997,24,"PM","M",20,25,"Peromyscus","maniculatus","Rodent","Rodent Exclosure"
26797,9,27,1997,24,"PM","M",20,23,"Peromyscus","maniculatus","Rodent","Rodent Exclosure"
26872,9,27,1997,24,"PM","M",20,20,"Peromyscus","maniculatus","Rodent","Rodent Exclosure"
26979,10,25,1997,24,"PM","M",20,21,"Peromyscus","maniculatus","Rodent","Rodent Exclosure"
27194,11,22,1997,24,"PM","M",21,23,"Peromyscus","maniculatus","Rodent","Rodent Exclosure"
27270,11,22,1997,24,"PM","M",20,19,"Peromyscus","maniculatus","Rodent","Rodent Exclosure"
27431,1,31,1998,24,"PM","M",22,28,"Peromyscus","maniculatus","Rodent","Rodent Exclosure"
28402,8,22,1998,24,"PM","M",20,19,"Peromyscus","maniculatus","Rodent","Rodent Exclosure"
28732,10,24,1998,24,"PM","M",20,14,"Peromyscus","maniculatus","Rodent","Rodent Exclosure"
28733,10,24,1998,24,"PM","M",21,11,"Peromyscus","maniculatus","Rodent","Rodent Exclosure"
28863,11,21,1998,24,"PM","M",21,22,"Peromyscus","maniculatus","Rodent","Rodent Exclosure"
28971,12,22,1998,24,"PM","M",22,29,"Peromyscus","maniculatus","Rodent","Rodent Exclosure"
29624,5,15,1999,24,"PM","M",21,23,"Peromyscus","maniculatus","Rodent","Rodent Exclosure"
29761,6,12,1999,24,"PM","M",19,19,"Peromyscus","maniculatus","Rodent","Rodent Exclosure"
29763,6,12,1999,24,"PM","M",19,15,"Peromyscus","maniculatus","Rodent","Rodent Exclosure"
28729,10,24,1998,24,"PB","M",27,29,"Chaetodipus","baileyi","Rodent","Rodent Exclosure"
30983,7,1,2000,24,"PB","M",26,28,"Chaetodipus","baileyi","Rodent","Rodent Exclosure"
31158,7,22,2000,24,"PB","M",25,25,"Chaetodipus","baileyi","Rodent","Rodent Exclosure"
